{"cameraMode":{"drawMode":0,"name":"Shaded","section":"Shading Mode"},"sceneLighting":true,"audioPlay":false,"sceneViewState":{"m_AlwaysRefresh":false,"showFog":true,"showSkybox":true,"showFlares":true,"showImageEffects":true,"showParticleSystems":true,"showVisualEffectGraphs":true,"m_FxEnabled":true},"in2DMode":false,"pivot":{"x":-45.36202621459961,"y":8.73288631439209,"z":1.7253413200378419},"rotation":{"x":0.20892897248268128,"y":0.09517602622509003,"z":-0.020435109734535219,"w":0.9730696678161621},"size":8.699684143066407,"orthographic":true}